Şehir,İlçe Adı,Tarih,Başlangıç Tarih - Saati,Bitiş Tarih - Saati,Bölgeler(Semt-Mahalle)
AKSARAY,Aksaray Merkez,29.08.2024,2024-08-29 09:00:00,2024-08-29 12:00:00,AKSARAY-2 İŞLETMESİ
AKSARAY,Aksaray Merkez,29.08.2024,2024-08-29 13:30:00,2024-08-29 15:30:00,AKSARAY-1 İŞLETMESİ
AKSARAY,Sultanhanı,29.08.2024,2024-08-29 10:00:00,2024-08-29 13:00:00,ESKİL İŞLETMESİ
AKSARAY,Aksaray Merkez,29.08.2024,2024-08-29 12:00:00,2024-08-29 13:30:00,AKSARAY-2 İŞLETMESİ
AKSARAY,Ortaköy,29.08.2024,2024-08-29 09:00:00,2024-08-29 17:00:00,ORTAKÖY İŞLETMESİ
AKSARAY,Aksaray Merkez,29.08.2024,2024-08-29 08:30:00,2024-08-29 11:00:00,AKSARAY-1 İŞLETMESİ
AKSARAY,Aksaray Merkez,29.08.2024,2024-08-29 08:30:00,2024-08-29 12:30:00,AKSARAY-1 İŞLETMESİ
ANTALYA,Serik,29.08.2024,2024-08-29 12:00:00,2024-08-29 17:00:00,SERİK
ANTALYA,Korkuteli,29.08.2024,2024-08-29 09:30:00,2024-08-29 16:30:00,KORKUTELİ
ANTALYA,Kaş,29.08.2024,2024-08-29 10:00:00,2024-08-29 12:00:00,KAŞ
ANTALYA,Gazipaşa,29.08.2024,2024-08-29 09:00:00,2024-08-29 16:00:00,GAZİPAŞA
ANTALYA,Kepez,29.08.2024,2024-08-29 09:00:00,2024-08-29 16:00:00,KEPEZ
ANTALYA,Kaş,29.08.2024,2024-08-29 11:00:00,2024-08-29 12:30:00,KAŞ
ANTALYA,Manavgat,29.08.2024,2024-08-29 09:00:00,2024-08-29 16:00:00,MANAVGAT
ANTALYA,Gazipaşa,29.08.2024,2024-08-29 09:00:00,2024-08-29 16:00:00,GAZİPAŞA
ANTALYA,Gazipaşa,29.08.2024,2024-08-29 09:00:00,2024-08-29 16:00:00,GAZİPAŞA
ANTALYA,Manavgat,29.08.2024,2024-08-29 09:00:00,2024-08-29 16:00:00,MANAVGAT
ANTALYA,Kumluca,29.08.2024,2024-08-29 09:00:00,2024-08-29 16:00:00,KUMLUCA
ANTALYA,Serik,29.08.2024,2024-08-29 09:00:00,2024-08-29 16:00:00,SERİK
ANTALYA,Manavgat,29.08.2024,2024-08-29 09:00:00,2024-08-29 17:00:00,MANAVGAT
ANTALYA,Kumluca,29.08.2024,2024-08-29 09:00:00,2024-08-29 16:00:00,KUMLUCA
ANTALYA,Kaş,29.08.2024,2024-08-29 08:30:00,2024-08-29 15:00:00,KAŞ
ANTALYA,Alanya,29.08.2024,2024-08-29 09:00:00,2024-08-29 16:00:00,ALANYA
ANTALYA,Kaş,29.08.2024,2024-08-29 13:00:00,2024-08-29 14:30:00,KAŞ
ANTALYA,Aksu,29.08.2024,2024-08-29 09:00:00,2024-08-29 16:00:00,AKSU
ANTALYA,Serik,29.08.2024,2024-08-29 09:00:00,2024-08-29 16:00:00,SERİK
ANTALYA,Muratpaşa,29.08.2024,2024-08-29 09:00:00,2024-08-29 16:00:00,MURATPAŞA
ANTALYA,Alanya,29.08.2024,2024-08-29 09:30:00,2024-08-29 16:30:00,ALANYA
BALIKESIR,Bandırma,29.08.2024,2024-08-29 18:00:00,2024-08-29 20:00:00,BANDIRMA
BALIKESIR,Edremit,29.08.2024,2024-08-29 09:00:00,2024-08-29 17:00:00,EDREMİT
BALIKESIR,Kepsut,29.08.2024,2024-08-29 09:00:00,2024-08-29 17:00:00,KEPSUT
BALIKESIR,Susurluk,29.08.2024,2024-08-29 10:00:00,2024-08-29 15:00:00,SUSURLUK
BALIKESIR,Savaştepe,29.08.2024,2024-08-29 13:00:00,2024-08-29 16:00:00,SAVAŞTEPE
BALIKESIR,Havran,29.08.2024,2024-08-29 12:00:00,2024-08-29 14:00:00,HAVRAN
BALIKESIR,Burhaniye,29.08.2024,2024-08-29 10:00:00,2024-08-29 14:00:00,BURHANİYE
BALIKESIR,Havran,29.08.2024,2024-08-29 09:00:00,2024-08-29 11:00:00,HAVRAN
BALIKESIR,Gömeç,29.08.2024,2024-08-29 09:30:00,2024-08-29 17:30:00,GÖNEN
BALIKESIR,Havran,29.08.2024,2024-08-29 15:00:00,2024-08-29 17:00:00,HAVRAN
BALIKESIR,Bigadiç,29.08.2024,2024-08-29 09:00:00,2024-08-29 17:00:00,BİGADİÇ
BALIKESIR,Ayvalık,29.08.2024,2024-08-29 10:00:00,2024-08-29 13:00:00,AYVALIK
BALIKESIR,Savaştepe,29.08.2024,2024-08-29 09:30:00,2024-08-29 11:30:00,SAVAŞTEPE
BOLU,Bolu Merkez,29.08.2024,2024-08-29 09:30:00,2024-08-29 17:30:00, MERKEZ KÖYÜ YENIGÜNEY YAYLASI YENİGÜNEY KÖYÜ YENİGÜNEY YAYLASI
BOLU,Dörtdivan,29.08.2024,2024-08-29 14:00:00,2024-08-29 16:00:00, ASAGI KÖYÜ AŞAĞI KÖYÜ IMAMLAR KÖYÜ İMAMLAR KÖYÜ
BOLU,Dörtdivan,29.08.2024,2024-08-29 10:00:00,2024-08-29 13:00:00, CEMALLER KÖYÜ CEMALLER MERKEZ
BOLU,Mudurnu,29.08.2024,2024-08-29 09:30:00,2024-08-29 13:00:00, ALASINIR KÖYÜ ALASİNİR KÖYÜ CAFERLER KÖYÜ DELICELER KÖYÜ DELICELER MAH. DELİCELER KÖYÜ HACIHALİMLER KÖYÜ TOPALLAR KÖYÜ
BOLU,Göynük,29.08.2024,2024-08-29 10:00:00,2024-08-29 17:00:00, KÖROGLU KÖYÜ
BOLU,Mudurnu,29.08.2024,2024-08-29 13:30:00,2024-08-29 15:00:00, KARAMURAT KÖYÜ MERKEZ KÖYÜ
BOLU,Bolu Merkez,29.08.2024,2024-08-29 09:00:00,2024-08-29 15:30:00, AKÇAALAN MAH. ELMALIK MAH. MERKEZ KÖYÜ MERKEZ MAH. YOLÇATI KÖYÜ YOLÇATI MAH. ÇATAK MAH. ÖMERLER MAH. ÖMERLER MERKEZ
BOLU,Bolu Merkez,29.08.2024,2024-08-29 09:30:00,2024-08-29 15:00:00, KARAKÖY MAH. KASAPLAR KÖYÜ KASAPLAR MAH. PASAKÖY MAH. PAŞAKÖY MAH. ÇIVRIL KÖYÜ ÇIVRIL MAH. ÇİVRİL MAH.
BOLU,Mudurnu,29.08.2024,2024-08-29 09:30:00,2024-08-29 11:00:00, ALAÇAM KÖYÜ ALAÇAM MAH. TATARLAR KÖYÜ TOSUNLAR KÖYÜ
BURDUR,Burdur Merkez,29.08.2024,2024-08-29 10:00:00,2024-08-29 17:00:00,MERKEZ
BURDUR,Burdur Merkez,29.08.2024,2024-08-29 09:30:00,2024-08-29 16:30:00,MERKEZ
BURDUR,Burdur Merkez,29.08.2024,2024-08-29 10:00:00,2024-08-29 17:00:00,MERKEZ
BURDUR,Burdur Merkez,29.08.2024,2024-08-29 10:00:00,2024-08-29 17:00:00,MERKEZ
BURDUR,Gölhisar,29.08.2024,2024-08-29 09:30:00,2024-08-29 16:00:00,GÖLHİSAR
BURDUR,Kemer,29.08.2024,2024-08-29 10:00:00,2024-08-29 15:00:00,KEMER
BURDUR,Burdur Merkez,29.08.2024,2024-08-29 10:00:00,2024-08-29 17:00:00,MERKEZ
BURDUR,Burdur Merkez,29.08.2024,2024-08-29 09:30:00,2024-08-29 16:30:00,MERKEZ
BURSA,Mustafakemalpaşa,29.08.2024,2024-08-29 09:30:00,2024-08-29 17:30:00,MUSTAFAKEMALPAŞA
BURSA,Karacabey,29.08.2024,2024-08-29 09:00:00,2024-08-29 17:00:00,KARACABEY
BURSA,Mustafakemalpaşa,29.08.2024,2024-08-29 09:00:00,2024-08-29 17:00:00,MUSTAFAKEMALPAŞA
BURSA,Kestel,29.08.2024,2024-08-29 14:00:00,2024-08-29 16:30:00,KESTEL
BURSA,İnegöl,29.08.2024,2024-08-29 14:00:00,2024-08-29 17:00:00,İNEGÖL
BURSA,Osmangazi,29.08.2024,2024-08-29 10:00:00,2024-08-29 12:00:00,OSMANGAZİ
BURSA,İnegöl,29.08.2024,2024-08-29 13:30:00,2024-08-29 14:00:00,İNEGÖL
BURSA,İznik,29.08.2024,2024-08-29 10:00:00,2024-08-29 16:00:00,İZNİK
BURSA,Yenişehir,29.08.2024,2024-08-29 09:00:00,2024-08-29 15:00:00,YENİŞEHİR
BURSA,İznik,29.08.2024,2024-08-29 10:00:00,2024-08-29 18:00:00,İZNİK
BURSA,Kestel,29.08.2024,2024-08-29 10:00:00,2024-08-29 11:30:00,KESTEL
BURSA,Gürsu,29.08.2024,2024-08-29 16:30:00,2024-08-29 18:00:00,GÜRSU
BURSA,Karacabey,29.08.2024,2024-08-29 09:00:00,2024-08-29 17:00:00,KARACABEY
BURSA,Yıldırım,29.08.2024,2024-08-29 09:00:00,2024-08-29 17:00:00,YILDIRIM
BURSA,Osmangazi,29.08.2024,2024-08-29 09:30:00,2024-08-29 13:00:00,OSMANGAZİ
BURSA,Kestel,29.08.2024,2024-08-29 09:00:00,2024-08-29 17:00:00,KESTEL
BURSA,Karacabey,29.08.2024,2024-08-29 09:00:00,2024-08-29 17:00:00,KARACABEY
BURSA,Mudanya,29.08.2024,2024-08-29 09:00:00,2024-08-29 17:00:00,MUDANYA
BURSA,Yıldırım,29.08.2024,2024-08-29 09:00:00,2024-08-29 17:00:00,YILDIRIM
BURSA,Nilüfer,29.08.2024,2024-08-29 09:00:00,2024-08-29 17:00:00,NİLÜFER
BURSA,Orhangazi,29.08.2024,2024-08-29 09:00:00,2024-08-29 17:00:00,ORHANGAZİ
CANAKKALE,Çanakkale Merkez,29.08.2024,2024-08-29 10:00:00,2024-08-29 17:00:00,MERKEZ
CANAKKALE,Çanakkale Merkez,29.08.2024,2024-08-29 09:00:00,2024-08-29 10:00:00,MERKEZ
CANAKKALE,Biga,29.08.2024,2024-08-29 09:00:00,2024-08-29 17:00:00,BİGA
CANAKKALE,Çanakkale Merkez,29.08.2024,2024-08-29 10:00:00,2024-08-29 17:00:00,MERKEZ
CANAKKALE,Yenice,29.08.2024,2024-08-29 12:00:00,2024-08-29 17:00:00,YENİCE
CANAKKALE,Çanakkale Merkez,29.08.2024,2024-08-29 02:00:00,2024-08-29 03:00:00,MERKEZ
CANAKKALE,Eceabat,29.08.2024,2024-08-29 10:00:00,2024-08-29 15:00:00,ECEABAT
DÜZCE,Yığılca,29.08.2024,2024-08-29 09:00:00,2024-08-29 15:00:00, GERİŞ KÖYÜ GÜNEY KÖYÜ MERKEZ KÖYÜ SETLIK KÖYÜ SETLİK KÖYÜ SETLİK MAH. ÜÇKESE KÖYÜ
DÜZCE,Düzce Merkez,29.08.2024,2024-08-29 09:00:00,2024-08-29 10:00:00, DÜZ KÖYÜ DÜZ MAH. KÖYÜN KENDISI KÖYÜN KENDİSİ MERKEZ KÖYÜ OSMANCA KÖYÜ OSMANCA MAH. YAKA KÖYÜ YAZLIK MAH. YESILKÖY MAH. YEŞİLKÖY MAH.
DÜZCE,Akçakoca,29.08.2024,2024-08-29 09:00:00,2024-08-29 17:00:00, AZIZIYE MAH. BEYLIK AGACI BEYLİK AĞACI DİLAVER KÖYÜ ESMAHANIM KÖYÜ KAVAKLIK KÖYÜ KURUKAVAK KÖYÜ KÖYÜN KENDISI KÜPLER KÖYÜ
DÜZCE,Düzce Merkez,29.08.2024,2024-08-29 16:00:00,2024-08-29 17:00:00, DÜZ KÖYÜ DÜZ MAH. KÖYÜN KENDISI KÖYÜN KENDİSİ MERKEZ KÖYÜ OSMANCA KÖYÜ OSMANCA MAH. YAKA KÖYÜ YAZLIK MAH. YESILKÖY MAH. YEŞİLKÖY MAH.
DÜZCE,Düzce Merkez,29.08.2024,2024-08-29 09:00:00,2024-08-29 17:00:00, CAPOGLU KÖYÜ CAPOĞLU KÖYÜ DINLER KÖYÜ DINLER MAH. DİNLER KÖYÜ YAYLA KÖYÜ
DÜZCE,Düzce Merkez,29.08.2024,2024-08-29 12:30:00,2024-08-29 15:30:00, HACIMEHMET KÖYÜ HACIMEHMET MAH.
DÜZCE,Düzce Merkez,29.08.2024,2024-08-29 09:00:00,2024-08-29 17:00:00, DINLER KÖYÜ DINLER MAH. DİNLER KÖYÜ GÜLDERE KÖYÜ KÖYÜN KENDISI KÖYÜN KENDİSİ YAYLA KÖYÜ
DÜZCE,Düzce Merkez,29.08.2024,2024-08-29 16:30:00,2024-08-29 17:30:00, CEDIDIYE KÖYÜ CEDIDIYE MAH. CEDİDİYE MAH.
DÜZCE,Gümüşova,29.08.2024,2024-08-29 12:00:00,2024-08-29 13:00:00, KÖYÜN KENDISI MERKEZ MAH. YONGALIK KÖYÜ
DÜZCE,Cumayeri,29.08.2024,2024-08-29 15:00:00,2024-08-29 17:00:00, DERE KÖYÜ
DÜZCE,Cumayeri,29.08.2024,2024-08-29 09:00:00,2024-08-29 14:00:00, DERE KÖYÜ MISIRLIK KÖYÜ
DÜZCE,Kaynaşlı,29.08.2024,2024-08-29 09:00:00,2024-08-29 12:00:00, DARIYERİMENGENCİK KÖYÜ HACIMEHMET KÖYÜ MERKEZ MAH.
ISPARTA,Keçiborlu,29.08.2024,2024-08-29 10:00:00,2024-08-29 17:00:00,KEÇİBORLU
ISPARTA,Keçiborlu,29.08.2024,2024-08-29 10:00:00,2024-08-29 17:00:00,KEÇİBORLU
ISPARTA,Isparta Merkez,29.08.2024,2024-08-29 09:00:00,2024-08-29 16:00:00,MERKEZ
ISPARTA,Şarkikaraağaç,29.08.2024,2024-08-29 09:00:00,2024-08-29 16:00:00,ŞARKİKARAAĞAÇ
ISPARTA,Eğirdir,29.08.2024,2024-08-29 09:00:00,2024-08-29 16:00:00,EĞİRDİR
ISPARTA,Yalvaç,29.08.2024,2024-08-29 09:00:00,2024-08-29 16:00:00,YALVAÇ
ISPARTA,Yalvaç,29.08.2024,2024-08-29 09:00:00,2024-08-29 16:00:00,YALVAÇ
KAYSERI,Kocasinan,29.08.2024,2024-08-29 08:45:00,2024-08-29 16:30:00,"BOZTEPE MAH. ŞHT.KD.BNB.MAHMUT ŞAHİN CAD., TÜRKMENLER SOK., BOZGÜNEY SOK., ÇAMİÇİ SOK., YENİCE SOK. VE CİVARLARINDA / "
KAYSERI,Kocasinan,29.08.2024,2024-08-29 08:30:00,2024-08-29 17:00:00,EYİM MAH. EYİM KÜMEEVLER VE CİVARLARINDA / 
KAYSERI,Yahyalı,29.08.2024,2024-08-29 10:30:00,2024-08-29 11:30:00,YERKÖY MAH. 1311.SOK. VE CİVARLARINDA / KOCAHACILI MAH. 1400.SOK. VE CİVARLARINDA / 
KAYSERI,Pınarbaşı,29.08.2024,2024-08-29 08:30:00,2024-08-29 17:30:00,"HÜRRİYET MAH. 81.SOK., ZAFER SOK., ŞHT.MEHMET FATİH BEDİR CAD., 73.SOK., 82.SOK., 83.SOK., 77.SOK., 79.SOK., TOPRAKLIK SOK., 80.SOK., 78.SOK., 72.SOK., HASAN BASRİ ÖNALP SOK., PRF.DR.FARUK SÜREN CAD., KANAL SOK., ÇİMEN SOK., KIRAÇ SOK., 70.SOK., 69.SOK. VE CİVARLARINDA / "
KAYSERI,İncesu,29.08.2024,2024-08-29 15:00:00,2024-08-29 16:30:00,BAHÇESARAY MAH. TOKİ 1.ETAP KÜMEEVLER VE CİVARLARINDA / 
KAYSERI,Yahyalı,29.08.2024,2024-08-29 11:30:00,2024-08-29 12:30:00,"YERKÖY MAH. 1320.SOK., 1318.SOK., 1327.SOK., 1329.SOK., 1324.SOK., 1328.SOK., 1330.SOK., 1331.SOK., 1323.SOK., 1317.SOK., 1332.SOK., 1333.SOK., 1319.SOK., 1341.SOK., 1325.SOK., 1313.SOK., 1316.SOK. VE CİVARLARINDA / "
KAYSERI,Sarız,29.08.2024,2024-08-29 12:00:00,2024-08-29 13:00:00,TEKNELİ MAH. KÖTÜKÖY KÜMEEVLER VE CİVARLARINDA / 
KAYSERI,Pınarbaşı,29.08.2024,2024-08-29 09:00:00,2024-08-29 16:30:00,"PAZARÖREN MAH. CUMHURİYET CAD., KAYA SOK., 325.SOK., ATABAY SOK., ZAMANTI CAD., OĞUZLAR KÜMEEVLER, 327.SOK., SAĞLIK SOK., DERE SOK., PAPATYA 2.SOK., 328.SOK., PINAR SOK., 324.SOK., 326.SOK., 309.SOK., 329.SOK. VE CİVARLARINDA / SAÇLI MAH. SAÇLI KÜM.EV. VE CİVARLARINDA / "
KAYSERI,Tomarza,29.08.2024,2024-08-29 11:10:00,2024-08-29 17:30:00,SÜVEGENLER MAH. SÜVEGENLER KÜM.EV. VE CİVARLARINDA / 
KAYSERI,Melikgazi,29.08.2024,2024-08-29 13:30:00,2024-08-29 15:30:00,"KAZIMKARABEKİR MAH. BOSTANBAŞI SOK., YONCALI SOK., YONCALI GEÇ. VE CİVARLARINDA / YENİKÖY MAH. OYLUM SOK., AKÇAKAYA SOK., ÖDEMİŞ SOK., LEFKE CAD., KONUT SOK., BÜLBÜL CAD., SUSAM SOK., YONCALI SOK. VE CİVARLARINDA / "
KAYSERI,Pınarbaşı,29.08.2024,2024-08-29 10:00:00,2024-08-29 12:00:00,KAYAALTI MAH. KAYAALTI KÜM.EV. VE CİVARLARINDA / 
KAYSERI,Kocasinan,29.08.2024,2024-08-29 12:30:00,2024-08-29 14:30:00,ERTUĞRUL GAZİ MAH. 47.SOK. VE CİVARLARINDA / 
KAYSERI,İncesu,29.08.2024,2024-08-29 13:30:00,2024-08-29 15:00:00,"BAHÇESARAY MAH. TOKİ 1.ETAP KÜMEEVLER, KUMBAĞI KÜM.EV. VE CİVARLARINDA / "
KAYSERI,Yeşilhisar,29.08.2024,2024-08-29 08:30:00,2024-08-29 17:00:00,"CUMHURİYET MAH. İSTASYON 1. KÜM.EV., İSTASYON CAD. VE CİVARLARINDA / KARACABEY MAH. SANAYİ SİTESİ 3.CAD., 153.SOK., İSTASYON CAD. VE CİVARLARINDA / "
KAYSERI,Yahyalı,29.08.2024,2024-08-29 13:30:00,2024-08-29 14:30:00,"MUSTAFABEYLİ MAH. 621.KÜM.EV. VE CİVARLARINDA / YERKÖY MAH. 1312.SOK., 1244.SOK., 1415.SOK., 1342.SOK. VE CİVARLARINDA / "
KAYSERI,Yahyalı,29.08.2024,2024-08-29 09:30:00,2024-08-29 17:00:00,"YULARI MAH. PROF.DR.NECMETTİN ERBAKAN CAD., 1208.SOK., YULARI KÖYÜ, 1215.SOK., 1207.SOK., 1225.KÜM.EV., 1204.SOK., 1203.SOK., 1205.KÜM.EV. VE CİVARLARINDA / "
KAYSERI,Yahyalı,29.08.2024,2024-08-29 14:30:00,2024-08-29 15:30:00,"İLYASLI MAH. 1117.SOK., 1105.SOK. VE CİVARLARINDA / YERKÖY MAH. 1311.SOK., 1105.SOK., 1309.SOK. VE CİVARLARINDA / MUSTAFABEYLİ MAH. 621.KÜM.EV. VE CİVARLARINDA / "
KAYSERI,İncesu,29.08.2024,2024-08-29 08:30:00,2024-08-29 17:00:00,"KIZILÖREN TABAKLI MAH. ÇEŞME SOK, DİLEK SOK. VE CİVARLARINDA / ÇARDAKLI MAH. DİLEK SOK. VE CİVARLARINDA / "
KAYSERI,Kocasinan,29.08.2024,2024-08-29 08:45:00,2024-08-29 16:30:00,KARAHÖYÜK MAH. PROF.DR.TAHSİN ÖZGÜÇ KÜLTEPE CAD. VE CİVARLARINDA / BAĞPINAR MAH. PROF.DR.TAHSİN ÖZGÜÇ KÜLTEPE CAD. VE CİVARLARINDA / 
KAYSERI,Tomarza,29.08.2024,2024-08-29 11:00:00,2024-08-29 17:30:00,SÜVEGENLER MAH. KÜÇÜKSÜVEGEN KÜM.EV. VE CİVARLARINDA / 
KAYSERI,Melikgazi,29.08.2024,2024-08-29 08:30:00,2024-08-29 17:00:00,"KIRANARDI MAH. ENDÜRLÜK CAD., ÇİĞDEM 1.CAD., UMUT 1. SOK., ÇİFTÇİÖNÜ SOK., 2905.SOK., ÖZSOY.SOK., 2907.SOK. VE CİVARLARINDA / "
KIRSEHIR,Kaman,29.08.2024,2024-08-29 09:30:00,2024-08-29 12:30:00,KAMAN İŞLETMESİ
KIRSEHIR,Kırşehir Merkez,29.08.2024,2024-08-29 09:00:00,2024-08-29 12:00:00,KIRŞEHİR İŞLETMESİ
KIRSEHIR,Mucur,29.08.2024,2024-08-29 09:00:00,2024-08-29 17:00:00,KIRŞEHİR İŞLETMESİ
KOCAELI,Kandıra,29.08.2024,2024-08-29 09:00:00,2024-08-29 17:00:00, BAYRAKTAR MAH. BEYCE MAH. EGERCILI MAH. EĞERCİLİ MAH. GEBESLER MAH. GEBEŞLER MAH. HACISEYH KÖYÜ HACISEYH MAH. HACIŞEYH MAH. KARADİVAN MAH. KUBUZCU MAH.
KOCAELI,Kandıra,29.08.2024,2024-08-29 09:00:00,2024-08-29 13:00:00, AYDINLIK MAH. ORHAN MAH. ÇARSI MAH. ÇARŞI MAH.
KOCAELI,Darıca,29.08.2024,2024-08-29 09:00:00,2024-08-29 17:00:00, ABDİ İPEKÇİ BAĞLARBAŞI KÖYÜ BAĞLARBAŞI MAH. CAMI KÖYÜ CAMI MAH. CAMİ KÖYÜ CAMİ MAH. KAZIMKARABEKIR KÖYÜ KAZIMKARABEKIR MAH. KAZIMKARABEKİR KÖYÜ KAZIMKARABEKİR MAH. NENEHATUN KÖYÜ NENEHATUN MAH. PIRI REIS PİRİ REİS
KOCAELI,Kandıra,29.08.2024,2024-08-29 10:00:00,2024-08-29 15:30:00, KARADIVAN MAH. KARADİVAN MAH. SEREFSUNGUR KÖYÜ SEREFSUNGUR MAH. ŞEREFSUNGUR MAH.
KOCAELI,Kartepe,29.08.2024,2024-08-29 09:30:00,2024-08-29 17:30:00, EMEKEVLER MAH.
KOCAELI,Körfez,29.08.2024,2024-08-29 09:00:00,2024-08-29 17:00:00, KARAYAKUPLU KÖYÜ KARAYAKUPLU MAH. SEVİNDİKLİ MAH.
KOCAELI,Kandıra,29.08.2024,2024-08-29 09:00:00,2024-08-29 17:00:00, AKÇABEYLI MAH. AKÇABEYLİ MAH.
KOCAELI,Gölcük,29.08.2024,2024-08-29 09:30:00,2024-08-29 17:00:00, SELİMİYE MAH. İHSANİYE MERKEZ
KOCAELI,Darıca,29.08.2024,2024-08-29 09:00:00,2024-08-29 17:00:00, KAZIMKARABEKIR MAH. KAZIMKARABEKİR KÖYÜ KAZIMKARABEKİR MAH. NENEHATUN KÖYÜ NENEHATUN MAH.
KOCAELI,Başiskele,29.08.2024,2024-08-29 12:00:00,2024-08-29 14:00:00, MAHMUTPASA MAH. MAHMUTPAŞA KÖYÜ MAHMUTPAŞA MAH. PAŞADAĞ MAH. YAYLACIK KÖYÜ YAYLACIK MAH. YESILYURT KÖYÜ YESILYURT MAH. YEŞİLYURT MAH.
KOCAELI,Kartepe,29.08.2024,2024-08-29 09:30:00,2024-08-29 17:30:00, KETENCİLER MAH. UZUNBEY MAH. UZUNTARLA MAH. İBRİKDERE KÖYÜ İBRİKDERE MAH.
KONYA,Akşehir,29.08.2024,2024-08-29 08:45:00,2024-08-29 10:30:00,AKŞEHİR İŞLETMESİ
KONYA,Selçuklu,29.08.2024,2024-08-29 10:00:00,2024-08-29 12:00:00,SELÇUKLU-1 İŞLETMESİ
KONYA,Çumra,29.08.2024,2024-08-29 13:00:00,2024-08-29 14:00:00,ÇUMRA İŞLETMESİ
KONYA,Selçuklu,29.08.2024,2024-08-29 12:00:00,2024-08-29 16:00:00,SELÇUKLU-1 İŞLETMESİ
KONYA,Karatay,29.08.2024,2024-08-29 13:00:00,2024-08-29 18:00:00,KARATAY-1 İŞLETMESİ
KONYA,Kulu,29.08.2024,2024-08-29 09:00:00,2024-08-29 17:00:00,KULU İŞLETMESİ
KONYA,Karatay,29.08.2024,2024-08-29 13:00:00,2024-08-29 18:00:00,KARATAY-1 İŞLETMESİ
KONYA,Akşehir,29.08.2024,2024-08-29 16:30:00,2024-08-29 18:30:00,AKŞEHİR İŞLETMESİ
KONYA,Akşehir,29.08.2024,2024-08-29 10:45:00,2024-08-29 12:30:00,AKŞEHİR İŞLETMESİ
KONYA,Selçuklu,29.08.2024,2024-08-29 10:00:00,2024-08-29 12:00:00,SELÇUKLU-1 İŞLETMESİ
KONYA,Selçuklu,29.08.2024,2024-08-29 12:00:00,2024-08-29 16:00:00,SELÇUKLU-1 İŞLETMESİ
KONYA,Selçuklu,29.08.2024,2024-08-29 08:30:00,2024-08-29 10:30:00,SELÇUKLU-1 İŞLETMESİ
KONYA,Karapınar,29.08.2024,2024-08-29 14:00:00,2024-08-29 17:00:00,KARAPINAR İŞLETMESİ
KONYA,Beyşehir,29.08.2024,2024-08-29 09:00:00,2024-08-29 17:00:00,BEYŞEHİR İŞLETMESİ
KONYA,Çumra,29.08.2024,2024-08-29 10:00:00,2024-08-29 11:00:00,ÇUMRA İŞLETMESİ
KONYA,Akşehir,29.08.2024,2024-08-29 09:30:00,2024-08-29 14:30:00,AKŞEHİR İŞLETMESİ
KONYA,Karatay,29.08.2024,2024-08-29 09:00:00,2024-08-29 12:00:00,KARATAY-1 İŞLETMESİ
KONYA,Meram,29.08.2024,2024-08-29 10:00:00,2024-08-29 11:00:00,MERAM-1 İŞLETMESİ
KONYA,Meram,29.08.2024,2024-08-29 09:00:00,2024-08-29 12:00:00,MERAM-1 İŞLETMESİ
KONYA,Bozkır,29.08.2024,2024-08-29 10:00:00,2024-08-29 13:30:00,BOZKIR İŞLETMESİ
KONYA,Ereğli,29.08.2024,2024-08-29 13:00:00,2024-08-29 15:00:00,EREĞLİ İŞLETMESİ
KONYA,Beyşehir,29.08.2024,2024-08-29 14:00:00,2024-08-29 16:00:00,BEYŞEHİR İŞLETMESİ
NEVSEHIR,Ürgüp,29.08.2024,2024-08-29 13:00:00,2024-08-29 18:30:00,ÜRGÜP İŞLETMESİ
NEVSEHIR,Derinkuyu,29.08.2024,2024-08-29 09:30:00,2024-08-29 17:30:00,NEVŞEHİR-1 İŞLETMESİ
NEVSEHIR,Kozaklı,29.08.2024,2024-08-29 09:30:00,2024-08-29 17:30:00,HACIBEKTAŞ İŞLETMESİ
NEVSEHIR,Nevşehir Merkez,29.08.2024,2024-08-29 10:00:00,2024-08-29 11:30:00,NEVŞEHİR-1 İŞLETMESİ
NEVSEHIR,Avanos,29.08.2024,2024-08-29 09:30:00,2024-08-29 17:30:00,ÜRGÜP İŞLETMESİ
NEVSEHIR,Derinkuyu,29.08.2024,2024-08-29 09:30:00,2024-08-29 17:30:00,NEVŞEHİR-1 İŞLETMESİ
NIĞDE,Niğde Merkez,29.08.2024,2024-08-29 11:30:00,2024-08-29 14:30:00,NİĞDE-2 İŞLETMESİ
NIĞDE,Niğde Merkez,29.08.2024,2024-08-29 10:00:00,2024-08-29 12:00:00,NİĞDE-2 İŞLETMESİ
NIĞDE,Bor,29.08.2024,2024-08-29 09:00:00,2024-08-29 17:00:00,BOR İŞLETMESİ
NIĞDE,Niğde Merkez,29.08.2024,2024-08-29 10:00:00,2024-08-29 14:00:00,NİĞDE-2 İŞLETMESİ
NIĞDE,Bor,29.08.2024,2024-08-29 09:30:00,2024-08-29 14:30:00,BOR İŞLETMESİ
SAKARYA,Sapanca,29.08.2024,2024-08-29 09:00:00,2024-08-29 17:00:00, KURTKÖY YAVUZSELIM KURTKÖY YAVUZSELİM
SAKARYA,Serdivan,29.08.2024,2024-08-29 09:00:00,2024-08-29 12:00:00, ARABACIALANI KÖYÜ ARABACIALANI MAH. ARALIK MAH. ISTIKLAL KÖYÜ ISTIKLAL MAH. İSTİKLAL KÖYÜ İSTİKLAL MAH.
SAKARYA,Hendek,29.08.2024,2024-08-29 09:00:00,2024-08-29 15:00:00, BAYRAKTEPE KÖYÜ BAYRAKTEPE MAH. DEREBOGAZI KÖYÜ DEREBOGAZI MAH. KAHRAMAN KÖYÜ KAHRAMAN MAH. KEMALIYE KÖYÜ RASIMPASA KÖYÜ RASIMPASA MAH. RASİMPAŞA KÖYÜ
SAKARYA,Geyve,29.08.2024,2024-08-29 09:00:00,2024-08-29 17:00:00, AHIBABA KÖYÜ AHIBABA MAH. AHİBABA KÖYÜ AHİBABA MAH. ALIPLAR KÖYÜ ALIPLAR MAH. ESENKÖY KÖYÜ ESENKÖY MAH. HIRKA KÖYÜ HIRKA MAH. IHSANIYE KÖYÜ IHSANIYE MAH. SUÇATI KÖYÜ SUÇATI MAH. ÇINE KÖYÜ İHSANİYE KÖYÜ İHSANİYE MAH.
SAKARYA,Adapazarı,29.08.2024,2024-08-29 09:00:00,2024-08-29 12:00:00, 15 ASIRLAR KÖYÜ ASIRLAR MAH. AŞIRLAR KÖYÜ AŞIRLAR MAH. KARADAVUTLU KÖYÜ KARADAVUTLU MAH. KAYRANCIK KÖYÜ KAYRANCIK MAH. NASUHLAR KÖYÜ NASUHLAR MAH. YENICE MAH. YENİCE MAH.
SAKARYA,Arifiye,29.08.2024,2024-08-29 09:00:00,2024-08-29 10:00:00, HANLIKÖY KÖYÜ HANLIKÖY MAH.
SAKARYA,Adapazarı,29.08.2024,2024-08-29 09:00:00,2024-08-29 17:00:00, AŞIRLAR MAH.
SAKARYA,Adapazarı,29.08.2024,2024-08-29 09:00:00,2024-08-29 12:00:00, KARAOSMAN KÖYÜ KARAOSMAN MAH.
SAKARYA,Serdivan,29.08.2024,2024-08-29 01:00:00,2024-08-29 03:00:00, ALANDÜZÜ MAH. ARABACIALANI KÖYÜ ARABACIALANI MAH. ARALIK MAH. ASAGIDEREKÖY KÖYÜ ASAGIDEREKÖY MAH. AŞAĞIDEREKÖY KÖYÜ AŞAĞIDEREKÖY MAH. DAGYONCALI KÖYÜ DAGYONCALI MAH. DAĞYONCALI KÖYÜ DAĞYONCALI MAH. ESENTEPE MAH. HAMITABAT KÖYÜ HAMITABAT MAH. HAMİTABAT KÖ
SAKARYA,Adapazarı,29.08.2024,2024-08-29 13:00:00,2024-08-29 16:00:00, ORHAN MAH. YAGCILAR KÖYÜ YAĞCILAR KÖYÜ
SAKARYA,Sapanca,29.08.2024,2024-08-29 09:00:00,2024-08-29 17:00:00, KURTKÖY YAVUZSELIM KURTKÖY YAVUZSELİM YANIK KÖYÜ YANIK MAH.
SIVAS,Hafik,29.08.2024,2024-08-29 09:30:00,2024-08-29 17:00:00,HAFİK
SIVAS,Zara,29.08.2024,2024-08-29 09:00:00,2024-08-29 17:00:00,ZARA
SIVAS,Sivas Merkez,29.08.2024,2024-08-29 08:30:00,2024-08-29 17:00:00,MERKEZ
SIVAS,Zara,29.08.2024,2024-08-29 09:00:00,2024-08-29 17:00:00,ZARA
SIVAS,Şarkışla,29.08.2024,2024-08-29 10:30:00,2024-08-29 12:30:00,ŞARKIŞLA
SIVAS,Kangal,29.08.2024,2024-08-29 09:30:00,2024-08-29 17:00:00,KANGAL
SIVAS,Yıldızeli,29.08.2024,2024-08-29 09:00:00,2024-08-29 17:00:00,YILDIZELİ
SIVAS,Altınyayla,29.08.2024,2024-08-29 09:30:00,2024-08-29 12:30:00,ALTINYAYLA
TOKAT,Tokat Merkez,29.08.2024,2024-08-29 09:00:00,2024-08-29 16:00:00,MERKEZ
TOKAT,Turhal,29.08.2024,2024-08-29 07:45:00,2024-08-29 08:00:00,TURHAL
TOKAT,Yeşilyurt,29.08.2024,2024-08-29 14:00:00,2024-08-29 16:00:00,YEŞİLYURT
TOKAT,Reşadiye,29.08.2024,2024-08-29 10:00:00,2024-08-29 11:00:00,REŞADİYE
TOKAT,Turhal,29.08.2024,2024-08-29 11:00:00,2024-08-29 12:00:00,TURHAL
TOKAT,Reşadiye,29.08.2024,2024-08-29 09:00:00,2024-08-29 13:00:00,REŞADİYE
TOKAT,Turhal,29.08.2024,2024-08-29 11:00:00,2024-08-29 12:00:00,TURHAL
TOKAT,Turhal,29.08.2024,2024-08-29 07:45:00,2024-08-29 08:00:00,TURHAL
TOKAT,Artova,29.08.2024,2024-08-29 09:00:00,2024-08-29 11:00:00,ARTOVA
TOKAT,Niksar,29.08.2024,2024-08-29 13:00:00,2024-08-29 16:00:00,NİKSAR
TOKAT,Turhal,29.08.2024,2024-08-29 08:00:00,2024-08-29 11:00:00,TURHAL
YALOVA,Altınova,29.08.2024,2024-08-29 09:30:00,2024-08-29 13:00:00,ALTINOVA
YALOVA,Yalova Merkez,29.08.2024,2024-08-29 09:00:00,2024-08-29 13:00:00,MERKEZ
YALOVA,Yalova Merkez,29.08.2024,2024-08-29 15:30:00,2024-08-29 19:30:00,MERKEZ
YALOVA,Çınarcık,29.08.2024,2024-08-29 13:00:00,2024-08-29 14:00:00,ÇINARCIK
YALOVA,Yalova Merkez,29.08.2024,2024-08-29 14:00:00,2024-08-29 18:00:00,MERKEZ
YALOVA,Çınarcık,29.08.2024,2024-08-29 13:00:00,2024-08-29 14:00:00,ÇINARCIK
YOZGAT,Boğazlıyan,29.08.2024,2024-08-29 09:00:00,2024-08-29 12:00:00,BOĞAZLIYAN
YOZGAT,Boğazlıyan,29.08.2024,2024-08-29 12:00:00,2024-08-29 16:00:00,BOĞAZLIYAN
YOZGAT,Sorgun,29.08.2024,2024-08-29 09:00:00,2024-08-29 15:00:00,SORGUN
YOZGAT,Yerköy,29.08.2024,2024-08-29 09:00:00,2024-08-29 15:00:00,YERKÖY
YOZGAT,Çekerek,29.08.2024,2024-08-29 09:30:00,2024-08-29 17:00:00,ÇEKEREK
